Order ID,Quantity,Product ID,Product Name,Supplier SKU,Position,Supplier,Customer,Department,Delivery street,Comment,Route nickname,Route ordering,Accept alternatives
1000599379,1,9684,Fullkornris M/grønnsaker 1kg Norrek,6754394,asko,Rosendal sykehjem og omsorgsboliger,Customer 102,rasmusrisasgate 13a,1,2200,1,Stavanger
1000599778,4,9329,Lapskaus Lys M/fårekjøtt 2 Kg,9725holmens,W-05-02,Holmens As,Customer 032,Kanalarmen 10,10,3400,1,Stavanger
1000598236,1,3863,"Fiskegrateng 2,5 Kg Holmens",1487holmens,W-08-02,Holmens As,Customer 100,Svanholmen 8,10,450,1,Stavanger
1000599492,1,3858,"Lasagne 2,5 Kg Holmens",1332holmens,W-12-01,Holmens As,Customer 019,Bergåsen 1,Bergåsveien 13,12,800,1,Stavanger
1000599845,2,3858,"Lasagne 2,5 Kg Holmens",1332holmens,W-12-01,Holmens As,Customer 056,Eskervegen 7,5,300,1,Stavanger
1000599159,4,5540,Kjøttdeig 400g 14% Fett Skjeggerød Fryst,5206991,W-14-01,Fatland,Customer 024,1. etg: Gauselvågen 2,Gauselvågen 16,Trenger kopi av ordre på mail:monica.rosenvold@stavanger.kommune.no,4,1600,1,Stavanger
1000599397,2,5540,Kjøttdeig 400g 14% Fett Skjeggerød Fryst,5206991,W-14-01,Fatland,Customer 025,Jonsokberget,11,4520,1,Stavanger
1000599427,9,5540,Kjøttdeig 400g 14% Fett Skjeggerød Fryst,5206991,W-14-01,Fatland,Customer 059,Tjuvholmveien 20,2,3100,1,Stavanger
1000599432,2,5540,Kjøttdeig 400g 14% Fett Skjeggerød Fryst,5206991,W-14-01,Fatland,Customer 019,Finnåsen 3,Bergåsveien 13,12,800,1,Stavanger
1000599449,6,5540,Kjøttdeig 400g 14% Fett Skjeggerød Fryst,5206991,W-14-01,Fatland,Customer 072,Bjørn farmannsgate 27,4,3200,0,Stavanger
1000591875,4,4410,Kyllingkjøttdeig Ytterøy Halal 700g,5845235,W-10-01,ytterøy,Customer 076,Porsholen 2A,8,600,1,Stavanger
1000598288,1,2864,Biffkarbonader 90gram 5 Kg Skjeggerød Fryst,4495214,W-16,Fatland,Customer 104,Plattformveien 8,3,1600,1,Stavanger
1000599111,1,2864,Biffkarbonader 90gram 5 Kg Skjeggerød Fryst,4495214,W-16,Fatland,Customer 001,Breivikvegen 45,11,0,1,Stavanger
1000596935,3,2866,Karbonader 1kg  Skjeggerød Fryst,5204121,W-17-01,Fatland,Customer 024,Gauselvågen 16,4,1600,1,Stavanger
1000599147,6,2866,Karbonader 1kg  Skjeggerød Fryst,5204121,W-17-01,Fatland,Customer 026,Verdalsvegen 31,7,3700,1,Stavanger
1000599249,4,2866,Karbonader 1kg  Skjeggerød Fryst,5204121,W-17-01,Fatland,Customer 079,Stor avdeling,Theavegen 9,5,3100,1,Stavanger
1000599628,1,2866,Karbonader 1kg  Skjeggerød Fryst,5204121,W-17-01,Fatland,Customer 084,Ramsvikkroken 2,1,0,1,Stavanger
1000599813,1,2866,Karbonader 1kg  Skjeggerød Fryst,5204121,W-17-01,Fatland,Customer 101,Jonsokberget 12,11,4000,1,Stavanger
1000599815,1,2866,Karbonader 1kg  Skjeggerød Fryst,5204121,W-17-01,Fatland,Customer 101,Jonsokberget 12,11,4000,1,Stavanger
1000599882,1,5239,"Karbonader Håndlagde 120g 2,5 Kg Holmens",9737holmens,W-12-01,Holmens As,Customer 064,Luramyrveien 59,8,1900,1,Stavanger
1000599492,1,2870,Kjøttpølse U/skinn 880g  Skjeggerød Fryst,5400571,W-02-01,Fatland,Customer 019,Bergåsen 1,Bergåsveien 13,12,800,1,Stavanger
1000599030,1,9231,Kjøttboller I Tomatsaus 2kg Grilstad,6367452,Holmens As,Stokka Sykehjem,Customer 009,"Lassaveien 10, 4022 Stavanger",13,1950,1,Stavanger
1000599788,1,2808,"Kylling Kjøttboller 1,5kg Ytterøy Halal Frys",21403,W-13-01,ytterøy,Customer 046,Hammaren 9a,3,0,1,Stavanger
1000599788,1,2867,Stekte Kjøttboller 1kg Skjeggerød Fryst,5210571,W-14-01,Fatland,Customer 046,Hammaren 9a,3,0,1,Stavanger
1000599382,1,2869,Grillpølse 500g Skjeggerød Fryst,5400231,W-14-01,Fatland,Customer 018,1.etg,Brattåsveien 21,12,600,1,Stavanger
1000598263,1,8250,Kylling Wienerpølse 520g Halal Ytterøy,80136,W-02-01,ytterøy,Customer 071,Bjørn Farmansgate 33,4,2700,1,Stavanger
1000599534,2,1579,Hamburger 8*100g Grilstad,2761252,W-03-01,asko,Customer 078,Bjørn Farmannsgate 30,4,2600,1,Stavanger
1000599427,3,1568,Laksefilet 500g U/ Skinn&ben Fiskemannen,3198447,W-03-03,asko,Customer 059,Tjuvholmveien 20,2,3100,1,Stavanger
1000598699,3,2609,Laksefilet Naturell 4x125g First Price,1328160,W-03-02,asko,Customer 060,Tjuvholmveien 18,2,3300,1,Stavanger
1000598978,12,2609,Laksefilet Naturell 4x125g First Price,1328160,W-03-02,asko,Customer 081,"Lindeveien 79, 1 etg",8,550,1,Stavanger
1000597890,1,3087,Laksefilet U/skinn Og Bein 8x125g Møremat 1 Kg,519728,W-15-01,Møremat,Customer 089,Storevardvegen 25,3,0,1,Stavanger
1000598080,1,3087,Laksefilet U/skinn Og Bein 8x125g Møremat 1 Kg,519728,W-15-01,Møremat,Customer 005,Austbøsvingene 50,9,900,1,Stavanger
1000598081,1,3087,Laksefilet U/skinn Og Bein 8x125g Møremat 1 Kg,519728,W-15-01,Møremat,Customer 005,Austbøsvingene 50,9,900,1,Stavanger
1000598087,1,3087,Laksefilet U/skinn Og Bein 8x125g Møremat 1 Kg,519728,W-15-01,Møremat,Customer 005,Austbøsvingene 50,9,900,1,Stavanger
1000599449,3,3087,Laksefilet U/skinn Og Bein 8x125g Møremat 1 Kg,519728,W-15-01,Møremat,Customer 072,Bjørn farmannsgate 27,4,3200,0,Stavanger
1000599795,1,1228,Fiskepinner Glutenfri 360g Findus,5129358,W-03-03,asko,Customer 105,Hamrasletta 9,3,1300,1,Stavanger
1000599058,2,3851,Kyllingpastrami Halal Skivet 200g Stang Fryst,5519087,W-03-03,asko,Customer 037,Kvalamarka 26,hau,350,1,Stavanger
1000598263,1,3853,Storfe Pålegg Halal Skivet 200g Stang,5519129,W-03-03,asko,Customer 071,Bjørn Farmansgate 33,4,2700,1,Stavanger
1000599219,1,3088,Fiskekaker 50g Møremat 1 Kg Glutenfri,598482,W-16-01,Møremat,Customer 011,FABRIKKVEIEN 25,10,2700,1,Stavanger
1000599342,4,3088,Fiskekaker 50g Møremat 1 Kg Glutenfri,598482,W-16-01,Møremat,Customer 070,Madlamarkveien 4,3,4400,1,Stavanger
1000599430,1,3088,Fiskekaker 50g Møremat 1 Kg Glutenfri,598482,W-16-01,Møremat,Customer 067,Bjørn Farmanns gate 31,4,3000,0,Stavanger
1000599447,2,3088,Fiskekaker 50g Møremat 1 Kg Glutenfri,598482,W-16-01,Møremat,Customer 074,Bjørn Farmannsgate 29,4,3100,0,Stavanger
1000599645,3,3088,Fiskekaker 50g Møremat 1 Kg Glutenfri,598482,W-16-01,Møremat,Customer 041,Fullshammarvegen 6,"Vi mottak 2-3 kg med dårlig pærer i sist uke. Vi måtte kaste de, ved behov kan jeg sende bilde? Jeg regner med at vi vil få tilsendt nye pærer kostnadsfritt denne uken. Mvh Berit I.B. ",11,3900,1,Stavanger
1000591875,1,3515,Fiskekaker Uten Melk Møremat 5 Kg Glutenfri,48458630,W-15-01,Møremat,Customer 076,Porsholen 2A,8,600,1,Stavanger
1000598868,1,1075,Isabella 10pk Hennig-olsen,836759,W-07-01,asko,Customer 098,Avdeling 3,"Lassaveien 10, 4022 Stavanger",13,1950,1,Stavanger
1000599021,3,2812,"Kyllingfilet 1,8 Kg Ytterøy Halal Frys",20821,W-07-01,ytterøy,Customer 073,Bjørn Farmannsgate 25,4,2900,1,Stavanger
1000599187,1,2812,"Kyllingfilet 1,8 Kg Ytterøy Halal Frys",20821,W-07-01,ytterøy,Customer 034,Torbjørn Hornkloves gate 51,9,2700,1,Stavanger
1000599260,1,2812,"Kyllingfilet 1,8 Kg Ytterøy Halal Frys",20821,W-07-01,ytterøy,Customer 079,Liten avdeling,Theavegen 9,5,3100,1,Stavanger
1000599436,1,2812,"Kyllingfilet 1,8 Kg Ytterøy Halal Frys",20821,W-07-01,ytterøy,Customer 035,Ravperleveien 5 a,4,800,1,Stavanger
1000599438,2,2812,"Kyllingfilet 1,8 Kg Ytterøy Halal Frys",20821,W-07-01,ytterøy,Customer 028,Storgata 12,5,1500,1,Stavanger
1000599862,1,2806,Kyllingfilet 5 Kg Halal Ytterøy Frys,20777,W-13-01,ytterøy,Customer 091,Elvegata 23,7,1100,1,Stavanger
1000599407,1,2806,Kyllingfilet 5 Kg Halal Ytterøy Frys,20777,W-13-01,ytterøy,Customer 055,Skillebekkgata 10,hau,5000,1,Stavanger
1000599405,2,4751,"Kyllingfilet Strimlet 1,2kg Ytterøy Halal",20699,W-04-02,ytterøy,Customer 051,Jernbanegata 6,5,1600,1,Stavanger
1000599500,1,4751,"Kyllingfilet Strimlet 1,2kg Ytterøy Halal",20699,W-04-02,ytterøy,Customer 058,Tjuvholmveien 22,2,3200,1,Stavanger
1000599823,3,4751,"Kyllingfilet Strimlet 1,2kg Ytterøy Halal",20699,W-04-02,ytterøy,Customer 002,Kongsgårdbakken 3,1,0,1,Stavanger
1000599058,1,4751,"Kyllingfilet Strimlet 1,2kg Ytterøy Halal",20699,W-04-02,ytterøy,Customer 037,Kvalamarka 26,hau,350,1,Stavanger
1000598082,1,3091,Seifilet Uten Bein 120-140g Møremat 1 Kg,913640,W-16-01,Møremat,Customer 005,Austbøsvingene 50,9,900,1,Stavanger
1000599795,20,3367,Svinesnitzel Stekt 1kg Skjeggerød,5206581,W-04-01,Fatland,Customer 105,Hamrasletta 9,3,1300,1,Stavanger
1000599724,3,2804,Kylling Salatkjøtt Krydr 1kg Halal Ytterøy,20573,W-16-01,ytterøy,Customer 033,Lagerveien 25,10,1800,1,Stavanger
1000599728,2,2804,Kylling Salatkjøtt Krydr 1kg Halal Ytterøy,20573,W-16-01,ytterøy,Customer 048,"Mekjarvik 10, 4070 Randaberg",2,2500,1,Stavanger
1000599746,1,2804,Kylling Salatkjøtt Krydr 1kg Halal Ytterøy,20573,W-16-01,ytterøy,Customer 004,Nordlysvegen 4,5,500,1,Stavanger
1000599500,1,1281,Pommes Family 1.8kg Eldorado,3081775,W-09-01,asko,Customer 058,Tjuvholmveien 22,2,3200,1,Stavanger
1000598699,1,2788,"Pommes Frites 1,2kg F.p",3051372,W-09-01,asko,Customer 060,Tjuvholmveien 18,2,3300,1,Stavanger
1000598912,1,2788,"Pommes Frites 1,2kg F.p",3051372,W-09-01,asko,Customer 013,Jonsokberget 8,11,4200,0,Stavanger
1000599500,1,2788,"Pommes Frites 1,2kg F.p",3051372,W-09-01,asko,Customer 058,Tjuvholmveien 22,2,3200,1,Stavanger
1000597408,1,8988,Spis Meg Kylling Salatkjøtt M/krydder 500g,560080,W-04-01,Sørlandskjøtt AS,Customer 031,Skogstøstraen 25,2,1750,1,Stavanger
1000599405,2,8988,Spis Meg Kylling Salatkjøtt M/krydder 500g,560080,W-04-01,Sørlandskjøtt AS,Customer 051,Jernbanegata 6,5,1600,1,Stavanger
1000599415,1,8988,Spis Meg Kylling Salatkjøtt M/krydder 500g,560080,W-04-01,Sørlandskjøtt AS,Customer 036,Luramyrveien 36,8,0,0,Stavanger
1000599753,1,8988,Spis Meg Kylling Salatkjøtt M/krydder 500g,560080,W-04-01,Sørlandskjøtt AS,Customer 063,"Vestre Svanholmen 9,",8,2900,1,Stavanger
1000599788,2,8988,Spis Meg Kylling Salatkjøtt M/krydder 500g,560080,W-04-01,Sørlandskjøtt AS,Customer 046,Hammaren 9a,3,0,1,Stavanger
1000599860,1,8988,Spis Meg Kylling Salatkjøtt M/krydder 500g,560080,W-04-01,Sørlandskjøtt AS,Customer 077,Strandgata 147,7,1250,1,Stavanger
1000599159,2,1332,Torskefilet I Blokk U/skinn/bein 400g First Price,3104445,W-03-02,asko,Customer 024,1. etg: Gauselvågen 2,Gauselvågen 16,Trenger kopi av ordre på mail:monica.rosenvold@stavanger.kommune.no,4,1600,1,Stavanger
1000599414,12,1332,Torskefilet I Blokk U/skinn/bein 400g First Price,3104445,W-03-02,asko,Customer 040,Mat og helse,Fjelltunveien 45,11,2600,1,Stavanger
1000598080,1,3086,Torskeloins 120 -140g Møremat 1 Kg,519033,W-15-01,Møremat,Customer 005,Austbøsvingene 50,9,900,1,Stavanger
1000598082,1,3086,Torskeloins 120 -140g Møremat 1 Kg,519033,W-15-01,Møremat,Customer 005,Austbøsvingene 50,9,900,1,Stavanger
1000598087,1,3086,Torskeloins 120 -140g Møremat 1 Kg,519033,W-15-01,Møremat,Customer 005,Austbøsvingene 50,9,900,1,Stavanger
1000599427,3,3086,Torskeloins 120 -140g Møremat 1 Kg,519033,W-15-01,Møremat,Customer 059,Tjuvholmveien 20,2,3100,1,Stavanger
1000599447,2,3086,Torskeloins 120 -140g Møremat 1 Kg,519033,W-15-01,Møremat,Customer 074,Bjørn Farmannsgate 29,4,3100,0,Stavanger
1000599534,1,3086,Torskeloins 120 -140g Møremat 1 Kg,519033,W-15-01,Møremat,Customer 078,Bjørn Farmannsgate 30,4,2600,1,Stavanger
1000599186,3,3512,Torskeloins 120 -140g Møremat 5 Kg,5190033,W-06-01,Møremat,Customer 095,Mat og helse,Vårveien 9,7,0,1,Stavanger
1000598593,3,7952,Fiskepinner 750g Findus 30stk,6371371,W-03-02,asko,Customer 066,Kvartsvegen 5b,5,2750,1,Stavanger
1000599222,13,7952,Fiskepinner 750g Findus 30stk,6371371,W-03-02,asko,Customer 075,Rappveien 17,3,0,1,Stavanger
1000599661,3,7952,Fiskepinner 750g Findus 30stk,6371371,W-03-02,asko,Customer 062,TORDENSKJOLDSGATE 49,10,2700,0,Stavanger
1000595892,1,1385,God Gammeldags Fiskegrateng 540g Findus,4462883,W-03-03,asko,Customer 096,morteveien 37,9,1900,1,Stavanger
1000598563,2,1385,God Gammeldags Fiskegrateng 540g Findus,4462883,W-03-03,asko,Customer 016,Bekkeveien 10 - gul avdeling,"Bekkeveien 16, 4104 Jørpeland",11,3400,1,Stavanger
1000598351,3,6161,Opphøgde Potteter 475g Hoff,4431052,W-04-03,asko,Customer 098,Avdeling 2,"Lassaveien 10, 4022 Stavanger",13,1950,1,Stavanger
1000599390,1,5712,"Gulrot Duo Skivet Dypfryst 2,5kg Norrek",2502987,W-04-02,asko,Customer 099,2etg,Tasabekken 60,3,3150,1,Stavanger
1000599739,1,4850,Krone-is Jordbær 6stk First Price,3170958,asko,BOKOLLEKTIV BH,Customer 050,11,4525,0,Stavanger
1000598263,1,7912,Sørlandsis Vanilje 2l,6336655,W-07-02,asko,Customer 071,Bjørn Farmansgate 33,4,2700,1,Stavanger
1000599390,1,1465,Findus Paprika Mix Terning 2kg (fryst),767582,W-05-01,asko,Customer 099,2etg,Tasabekken 60,3,3150,1,Stavanger
1000591875,2,1366,Brokkoliblanding 2kg Norrek,739284,W-10-01,asko,Customer 076,Porsholen 2A,8,600,1,Stavanger
1000592465,1,1366,Brokkoliblanding 2kg Norrek,739284,W-10-01,asko,Customer 014,Skipsbyggergata 19A,9,200,1,Stavanger
1000598978,1,1517,Brokkoliblanding Rustikk 2kg Findus,4217642,W-11-02,asko,Customer 081,"Lindeveien 79, 1 etg",8,550,1,Stavanger
1000599778,1,3468,"Brokkolitopper 1,5kg Norrek",866848,W-13-02,asko,Customer 032,Kanalarmen 10,10,3400,1,Stavanger
1000595892,2,448,Blomkålblanding  500g Eldorado,3087889,W-04-02,asko,Customer 096,morteveien 37,9,1900,1,Stavanger
1000599147,1,3187,"Blomkålblanding 2,5kg Norrek",968651,W-13-02,asko,Customer 026,Verdalsvegen 31,7,3700,1,Stavanger
1000599813,1,3187,"Blomkålblanding 2,5kg Norrek",968651,W-13-02,asko,Customer 101,Jonsokberget 12,11,4000,1,Stavanger
1000599815,1,3187,"Blomkålblanding 2,5kg Norrek",968651,W-13-02,asko,Customer 101,Jonsokberget 12,11,4000,1,Stavanger
1000597235,1,4731,Blomkålbuketter 2kg Norrek,968578,W-13-02,asko,Customer 086,FASANVEIEN 19,3,4200,1,Stavanger
1000599390,1,4731,Blomkålbuketter 2kg Norrek,968578,W-13-02,asko,Customer 099,2etg,Tasabekken 60,3,3150,1,Stavanger
1000599754,1,4731,Blomkålbuketter 2kg Norrek,968578,W-13-02,asko,Customer 047,Jonsokberget,11,4100,1,Stavanger
1000599135,2,1529,Bacon Ternet 1kg Gabbas -kort Reist Mat -,2022138_gab,W-02-01,gabbas,Customer 110,Kari Lofthusgate 16,12,200,1,Stavanger
1000599444,1,1529,Bacon Ternet 1kg Gabbas -kort Reist Mat -,2022138_gab,W-02-01,gabbas,Customer 045,Stokkamyrveien 22,8,0,1,Stavanger
1000599463,1,1529,Bacon Ternet 1kg Gabbas -kort Reist Mat -,2022138_gab,W-02-01,gabbas,Customer 106,Fredtunarmen 6,Svg Employee,0,1,Stavanger
1000599534,1,1529,Bacon Ternet 1kg Gabbas -kort Reist Mat -,2022138_gab,W-02-01,gabbas,Customer 078,Bjørn Farmannsgate 30,4,2600,1,Stavanger
1000598087,1,2877,Bacon U Svor I Skiver 150g Skjeggerød Fryst,5208881,W-02-02,Fatland,Customer 005,Austbøsvingene 50,9,900,1,Stavanger
1000599427,4,2877,Bacon U Svor I Skiver 150g Skjeggerød Fryst,5208881,W-02-02,Fatland,Customer 059,Tjuvholmveien 20,2,3100,1,Stavanger
1000599534,3,2877,Bacon U Svor I Skiver 150g Skjeggerød Fryst,5208881,W-02-02,Fatland,Customer 078,Bjørn Farmannsgate 30,4,2600,1,Stavanger
1000599900,2,2877,Bacon U Svor I Skiver 150g Skjeggerød Fryst,5208881,W-02-02,Fatland,Customer 090,Auglendsmyrå 17a,1,0,1,Stavanger
1000598925,2,2876,Bacon U Svor I Skiver 500g Skjeggerød Fryst,5210711,W-03-02,Fatland,Customer 098,Avdeling 6,"Lassaveien 10, 4022 Stavanger",13,1950,1,Stavanger
1000599030,2,2876,Bacon U Svor I Skiver 500g Skjeggerød Fryst,5210711,W-03-02,Fatland,Customer 098,Avdeling 5,"Lassaveien 10, 4022 Stavanger",13,1950,1,Stavanger
1000599111,6,2876,Bacon U Svor I Skiver 500g Skjeggerød Fryst,5210711,W-03-02,Fatland,Customer 001,Breivikvegen 45,11,0,1,Stavanger
1000599129,3,2876,Bacon U Svor I Skiver 500g Skjeggerød Fryst,5210711,W-03-02,Fatland,Customer 111,Kari Lofthusgate 16,12,300,1,Stavanger
1000599362,3,2876,Bacon U Svor I Skiver 500g Skjeggerød Fryst,5210711,W-03-02,Fatland,Customer 068,RAPPVEIEN 17,3,2000,1,Stavanger
1000599427,1,2876,Bacon U Svor I Skiver 500g Skjeggerød Fryst,5210711,W-03-02,Fatland,Customer 059,Tjuvholmveien 20,2,3100,1,Stavanger
1000599500,1,2876,Bacon U Svor I Skiver 500g Skjeggerød Fryst,5210711,W-03-02,Fatland,Customer 058,Tjuvholmveien 22,2,3200,1,Stavanger
1000599823,2,2876,Bacon U Svor I Skiver 500g Skjeggerød Fryst,5210711,W-03-02,Fatland,Customer 002,Kongsgårdbakken 3,1,0,1,Stavanger
1000599882,2,2876,Bacon U Svor I Skiver 500g Skjeggerød Fryst,5210711,W-03-02,Fatland,Customer 064,Luramyrveien 59,8,1900,1,Stavanger
1000599449,1,9435,Pizzabunn Glutenfri 300g Brisk,6662027,asko,"Madla Barne og Ungdomsbolig bygg D, K3116",Customer 022,4,3200,0,Stavanger
1000599206,1,2152,Familiekneipp Glutenfri 500g Fria,5503859,W-09-02,asko,Customer 087,Forusbeen 250,8,2100,1,Stavanger
1000599379,1,2152,Familiekneipp Glutenfri 500g Fria,5503859,W-09-02,asko,Customer 085,Sykehjem,rasmusrisasgate 13a,1,2200,1,Stavanger
1000599397,2,2152,Familiekneipp Glutenfri 500g Fria,5503859,W-09-02,asko,Customer 025,Jonsokberget,11,4520,1,Stavanger
1000599472,2,2152,Familiekneipp Glutenfri 500g Fria,5503859,W-09-02,asko,Customer 044,Dr. Martha Persensgate 12,4,2200,1,Stavanger
1000598351,1,1793,Fiber Toast Brød Skåret Glutenfri 500g,2742062,W-09-02,asko,Customer 098,Avdeling 2,"Lassaveien 10, 4022 Stavanger",13,1950,1,Stavanger
1000599206,1,1415,Grovbrød 500g Gluten/laktosefritt Fria,5255229,W-09-02,asko,Customer 087,Forusbeen 250,8,2100,1,Stavanger
1000598556,1,1415,Grovbrød 500g Gluten/laktosefritt Fria,5255229,W-09-02,asko,Customer 093,Stoltenberggata 1,hau,0,1,Stavanger
1000598925,2,5831,Havrebrød Glutenfri 500g Fria,6144950,W-11-02,asko,Customer 098,Avdeling 6,"Lassaveien 10, 4022 Stavanger",13,1950,1,Stavanger
1000599397,1,5831,Havrebrød Glutenfri 500g Fria,6144950,W-11-02,asko,Customer 025,Jonsokberget,11,4520,1,Stavanger
1000598923,2,1794,Mellomgrovt Brød 500g Gluten-/laktosefri Fria,5255260,W-11-02,asko,Customer 069,Norvald Frafjordsgt. 42,2,3700,1,Stavanger
1000598655,3,7951,Hvitløksbaguetter 175gx2stk Hatting,6054720,W-09-02,asko,Customer 108,Erling Skjalgssons Allé 12A,9,2900,1,Stavanger
1000599405,4,7951,Hvitløksbaguetter 175gx2stk Hatting,6054720,W-09-02,asko,Customer 051,Jernbanegata 6,5,1600,1,Stavanger
1000599882,1,7951,Hvitløksbaguetter 175gx2stk Hatting,6054720,W-09-02,asko,Customer 064,Luramyrveien 59,8,1900,1,Stavanger
1000599500,2,6162,Møllehjul Sesamfrø 7stk 450g Hatting,5674411,W-09-01,asko,Customer 058,Tjuvholmveien 22,2,3200,1,Stavanger
1000599804,1,6162,Møllehjul Sesamfrø 7stk 450g Hatting,5674411,W-09-01,asko,Customer 039,Fabrikkveien 10,10,0,1,Stavanger
1000599872,1,6162,Møllehjul Sesamfrø 7stk 450g Hatting,5674411,W-09-01,asko,Customer 029,Stokkamyrveien 20,8,3800,1,Stavanger
1000599534,2,3402,Svin Koteletter 1kg Skjeggerød,5204521,W-05-01,Fatland,Customer 078,Bjørn Farmannsgate 30,4,2600,1,Stavanger
1000598563,2,2638,Amerikansk Blanding 800g First Price,3088101,W-05-01,asko,Customer 016,Bekkeveien 10 - gul avdeling,"Bekkeveien 16, 4104 Jørpeland",11,3400,1,Stavanger
1000599147,2,2638,Amerikansk Blanding 800g First Price,3088101,W-05-01,asko,Customer 026,Verdalsvegen 31,7,3700,1,Stavanger
1000599249,3,2638,Amerikansk Blanding 800g First Price,3088101,W-05-01,asko,Customer 079,Stor avdeling,Theavegen 9,5,3100,1,Stavanger
1000599260,2,2638,Amerikansk Blanding 800g First Price,3088101,W-05-01,asko,Customer 079,Liten avdeling,Theavegen 9,5,3100,1,Stavanger
1000599058,1,2638,Amerikansk Blanding 800g First Price,3088101,W-05-01,asko,Customer 037,Kvalamarka 26,hau,350,1,Stavanger
1000599728,1,7687,Bønner Edamame 1kg Norrek,2317147,W-10-02,asko,Customer 048,"Mekjarvik 10, 4070 Randaberg",2,2500,1,Stavanger
1000598087,1,9514,Edamame U/skall 400g Eldorado,3333291,asko,Austbø skole,Customer 006,9,900,1,Stavanger
1000599021,1,9514,Edamame U/skall 400g Eldorado,3333291,asko,"Madla Barne og Ungdomsbolig, nr. 25, K3182",Customer 020,4,2900,1,Stavanger
1000599862,2,9514,Edamame U/skall 400g Eldorado,3333291,asko,SR Bank Sandnes,Customer 038,7,1100,1,Stavanger
1000598081,1,3186,Erter 350g First Price,3183191,W-04-03,asko,Customer 005,Austbøsvingene 50,9,900,1,Stavanger
1000599379,2,3186,Erter 350g First Price,3183191,W-04-03,asko,Customer 085,Sykehjem,rasmusrisasgate 13a,1,2200,1,Stavanger
1000599137,1,3118,"Lapskausblanding 2,5kg Norrek",968693,W-13-01,asko,Customer 094,Litlabergvegen 20,10,5050,1,Stavanger
1000599334,1,3118,"Lapskausblanding 2,5kg Norrek",968693,W-13-01,asko,Customer 099,1etg,Tasabekken 60,3,3150,1,Stavanger
1000598660,3,2626,Lomper 10stk 260g First Price,1475797,W-02-03,asko,Customer 003,Sandnesveien 356,Leveres 1 etg butikk,7,500,1,Stavanger
1000599661,7,2626,Lomper 10stk 260g First Price,1475797,W-02-03,asko,Customer 062,TORDENSKJOLDSGATE 49,10,2700,0,Stavanger
1000598923,2,5708,"Norrek Rotblanding Grovkutt 2,5kg",2045698,W-04-02,asko,Customer 069,Norvald Frafjordsgt. 42,2,3700,1,Stavanger
1000599058,1,1188,Wok Grønnsaker Classic 480g Findus,2968188,U-Frysevare,asko,Customer 037,Kvalamarka 26,hau,350,1,Stavanger
1000598717,3,3497,"Blåbær 2,5kg Norrek",919332,W-05-01,asko,Customer 054,St. Svithunsgate 40,Ber om levering før lunsj. B-bygg mat og helse. Dere kan kjøre gjennom skolegården for lettere tilgang.,2,1300,1,Stavanger
1000599733,1,3497,"Blåbær 2,5kg Norrek",919332,W-05-01,asko,Customer 052,FJELLTUNVEGEN 37,11,0,1,Stavanger
1000598699,3,472,Burgerbrød Hurra 6pk 480g Bakehuset,5466156,asko,"Kalhammaren ungdomsbolig Tjuvholmveien 18, K3078",Customer 107,2,3300,1,Stavanger
1000599147,8,472,Burgerbrød Hurra 6pk 480g Bakehuset,5466156,asko,Bore skule SFO,Customer 109,7,3700,1,Stavanger
1000598559,3,2200,Hamburgerbrød Buffalo 48stk 90g Eske Hatting,5217468,W-10-01,asko,Customer 043,Ofolskroken 35,8,100,1,Stavanger
1000599882,4,478,Hamburgerbrød Buffalo 63g Hatting 6pk,5217476,W-10-01,asko,Customer 064,Luramyrveien 59,8,1900,1,Stavanger
1000598438,5,2714,Jordbær 400g First Price,3095494,W-13-02,asko,Customer 053,Esperantoveien 14,11,1400,1,Stavanger
1000599401,1,5727,"Mangoterning 2,5kg Norrek",690271,W-15-02,asko,Customer 036,Luramyrveien 36,8,0,0,Stavanger
1000597908,2,8835,Multer 1kg Spann,1967207,asko,KANNIK SKOLE - MAT OG HELSE - K2056,Customer 097,"Mat og helse, b-bygg
Leveres før lunsj",2,1300,1,Stavanger
1000598660,8,5099,Pølsebrød Hatting Pose 12x45g,4958922,W-12-01,asko,Customer 003,Sandnesveien 356,Leveres 1 etg butikk,7,500,1,Stavanger
1000599533,3,5099,Pølsebrød Hatting Pose 12x45g,4958922,W-12-01,asko,Customer 090,Auglendsmyrå 17,1,0,1,Stavanger
1000599147,15,304,Pølsebrød Hurra 8stk 320g Bakehuset,5466081,W-10-01,asko,Customer 026,Verdalsvegen 31,7,3700,1,Stavanger
1000599628,1,304,Pølsebrød Hurra 8stk 320g Bakehuset,5466081,W-10-01,asko,Customer 084,Ramsvikkroken 2,1,0,1,Stavanger
1000598923,4,4732,Smoothie Jordbær/banan 800g,1415819,W-04-02,asko,Customer 069,Norvald Frafjordsgt. 42,2,3700,1,Stavanger
1000599879,3,4086,Smoothie Mix Ananas/mango/pap 400g Eldorado,3088077,W-05-02,asko,Customer 042,Fullshammervegen 6,11,3800,0,Stavanger
1000599879,3,781,"Smoothiemix Jordbær, Bringebær, Banan 400g",1475102,W-05-02,asko,Customer 042,Fullshammervegen 6,11,3800,0,Stavanger
1000598237,1,4987,Scampi Asc 31/40 Rå U/skall 500g Fm,3178472,W-02-02,asko,Customer 005,Austbøsvingene 50,9,900,1,Stavanger
1000599058,3,4987,Scampi Asc 31/40 Rå U/skall 500g Fm,3178472,W-02-02,asko,Customer 037,Kvalamarka 26,hau,350,1,Stavanger
1000598144,1,4928,Focachette Tomat&oliven 100g - 48stk Kartong,5788096,svg - Bestilling 3 Dager,asko,Customer 024,Kantine,Gauselvågen 16,4,1600,0,Stavanger
1000599828,1,4844,Laks Røkt Skivet 1kg Unil+,3232733,asko,MAGNAR EIKELAND GRUPPEN AS,Customer 065,10,4700,1,Stavanger
1000599021,3,437,Pitabrød Fine 6stk 400g Hatting,4694303,W-10-02,asko,Customer 073,Bjørn Farmannsgate 25,4,2900,1,Stavanger
1000599021,3,716,Pitabrød Fullkorn 400g 5stk Hatting,4695045,W-10-02,asko,Customer 073,Bjørn Farmannsgate 25,4,2900,1,Stavanger
1000599430,2,1220,Pitabrød Glutenfri 2stk 230g Hatting,4355269,W-02-03,asko,Customer 067,Bjørn Farmanns gate 31,4,3000,0,Stavanger
1000599675,1,1220,Pitabrød Glutenfri 2stk 230g Hatting,4355269,W-02-03,asko,Customer 040,Mat og helse,Fjelltunveien 45,11,2600,1,Stavanger
1000598699,2,5089,Polarbrød Fullkorn 12stk 450g,5915400,W-05-01,asko,Customer 060,Tjuvholmveien 18,2,3300,1,Stavanger
1000599413,2,1210,Polarbrød Havre 12stk 450g,5915137,U - Frysevare,asko,Customer 017,Bergåsveien 13,12,1300,1,Stavanger
1000597408,2,217,Crabstick 250g Fiskemannen,3180858,W-03-02,asko,Customer 031,Skogstøstraen 25,2,1750,1,Stavanger
1000599532,1,217,Crabstick 250g Fiskemannen,3180858,W-03-02,asko,Customer 082,Sølglått,RAMSVIGKROKEN 4,1,0,1,Stavanger
1000599763,1,217,Crabstick 250g Fiskemannen,3180858,W-03-02,asko,Customer 088,Fabrikkveien 164,6,500,1,Stavanger
1000599823,1,217,Crabstick 250g Fiskemannen,3180858,W-03-02,asko,Customer 002,Kongsgårdbakken 3,1,0,1,Stavanger
1000598717,1,1602,Bringebær 2 Kg Eldorado,1168889,U - frysevare,asko,Customer 054,St. Svithunsgate 40,Ber om levering før lunsj. B-bygg mat og helse. Dere kan kjøre gjennom skolegården for lettere tilgang.,2,1300,1,Stavanger
1000599430,2,1156,Brisk Kornbrød Glutenfri 500g,2162188,W-01-02,asko,Customer 067,Bjørn Farmanns gate 31,4,3000,0,Stavanger
1000598371,1,1554,Eplekake Åpen 1250g,2164531,A-Ny,asko,Customer 098,"Avdeling 7, gruppe 1","Lassaveien 10, 4022 Stavanger",13,1950,1,Stavanger
1000598405,1,1554,Eplekake Åpen 1250g,2164531,A-Ny,asko,Customer 098,"Avdeling 7, gruppe 2","Lassaveien 10, 4022 Stavanger",13,1950,1,Stavanger
1000599030,1,1554,Eplekake Åpen 1250g,2164531,A-Ny,asko,Customer 098,Avdeling 5,"Lassaveien 10, 4022 Stavanger",13,1950,1,Stavanger
1000599362,6,2716,Blåbær Frys 400g First Price,3085834,W-NY VARE FRYS,asko,Customer 068,RAPPVEIEN 17,3,2000,1,Stavanger
1000598425,1,9765,Cookie Pie Oppdelt 12biter 1370g,6139182,asko,Stokka Sykehjem,Customer 010,"Lassaveien 10, 4022 Stavanger",13,1950,1,Stavanger
1000598868,3,7788,Fria Kladdkaka Sjokolade Glutenfri 400g,4917621,asko,Stokka Sykehjem,Customer 008,"Lassaveien 10, 4022 Stavanger",13,1950,1,Stavanger
1000598052,2,5672,Gulrotkake 330g Berthas,5744016,W-01-02,asko,Customer 103,Toppen,Ryfylkevegen 1961,11,0,1,Stavanger
1000598912,2,5672,Gulrotkake 330g Berthas,5744016,W-01-02,asko,Customer 013,Jonsokberget 8,11,4200,0,Stavanger
1000598926,2,5672,Gulrotkake 330g Berthas,5744016,W-01-02,asko,Customer 098,Avdeling 1,"Lassaveien 10, 4022 Stavanger",13,1950,1,Stavanger
1000599159,4,5672,Gulrotkake 330g Berthas,5744016,W-01-02,asko,Customer 024,1. etg: Gauselvågen 2,Gauselvågen 16,Trenger kopi av ordre på mail:monica.rosenvold@stavanger.kommune.no,4,1600,1,Stavanger
1000599432,1,5672,Gulrotkake 330g Berthas,5744016,W-01-02,asko,Customer 019,Finnåsen 3,Bergåsveien 13,12,800,1,Stavanger
1000599626,2,5672,Gulrotkake 330g Berthas,5744016,W-01-02,asko,Customer 024,1. etg: Stadion 2,Gauselvågen 16,4,1600,1,Stavanger
1000599739,3,5672,Gulrotkake 330g Berthas,5744016,W-01-02,asko,Customer 012,Jonsokberget 8,11,4525,0,Stavanger
1000598925,1,1592,"Gulrotkake Langpanne 1,4kg Bakeverket",5278353,W-NY VARE FRYS,asko,Customer 098,Avdeling 6,"Lassaveien 10, 4022 Stavanger",13,1950,1,Stavanger
1000598263,1,9517,Hamburger Halal 4x130g Kanda,4680427,asko,"Madla Avlastningsbolig, K3049",Customer 021,4,2700,1,Stavanger
1000599147,1,9332,Hamburgerbrød Glutenfri 4stk 320g Hatting,4519567,asko,Bore skule SFO,Customer 109,7,3700,1,Stavanger
1000599021,2,6175,Hvitløksbaguetter 2pk 350g First Price,3314085,W-09-02,asko,Customer 073,Bjørn Farmannsgate 25,4,2900,1,Stavanger
1000599754,3,6175,Hvitløksbaguetter 2pk 350g First Price,3314085,W-09-02,asko,Customer 047,Jonsokberget,11,4100,1,Stavanger
1000599507,1,5195,Ig Tacokjøtt 2kg,2514016,W-03-01,asko,Customer 030,Rubinveien 3,2,1720,1,Stavanger
1000599549,1,5195,Ig Tacokjøtt 2kg,2514016,W-03-01,asko,Customer 057,Kontorveien 12,10,1900,1,Stavanger
1000599739,1,5329,Krone-is Sjokolade 6stk First Price,3183480,asko,BOKOLLEKTIV BH,Customer 050,11,4525,0,Stavanger
1000598961,4,7059,Kylling Salatkjøtt Grillet Frys 1kg Prior,6156103,asko,TEQVA GRUPPEN AS,Customer 015,8,700,1,Stavanger
1000599129,1,7059,Kylling Salatkjøtt Grillet Frys 1kg Prior,6156103,asko,Vågedalen sykehjem,Customer 061,12,300,1,Stavanger
1000599147,2,7059,Kylling Salatkjøtt Grillet Frys 1kg Prior,6156103,asko,Bore skule SFO,Customer 109,7,3700,1,Stavanger
1000599828,1,7059,Kylling Salatkjøtt Grillet Frys 1kg Prior,6156103,asko,MAGNAR EIKELAND GRUPPEN AS,Customer 065,10,4700,1,Stavanger
1000599362,1,9646,Kyllingkorv 400g Halal,80142,ytterøy,MADLAMARK SKOLE - K2065,Customer 083,3,2000,1,Stavanger
1000599206,5,8027,Lobnobs Sibelia 110g,569632,W-Fryservare,asko,Customer 087,Forusbeen 250,8,2100,1,Stavanger
1000599058,2,8027,Lobnobs Sibelia 110g,569632,W-Fryservare,asko,Customer 037,Kvalamarka 26,hau,350,1,Stavanger
1000598351,1,9118,Løk Mykstekt 1kg Hoff,6271670,asko,Stokka Sykehjem,Customer 007,"Lassaveien 10, 4022 Stavanger",13,1950,1,Stavanger
1000599111,1,9118,Løk Mykstekt 1kg Hoff,6271670,asko,(Mibau Stema) Norsk Stein - Prosjekt,Customer 027,11,0,1,Stavanger
1000599813,1,9118,Løk Mykstekt 1kg Hoff,6271670,asko,Sykeavdelingen,Customer 049,11,4000,1,Stavanger
1000599815,1,9118,Løk Mykstekt 1kg Hoff,6271670,asko,Sykeavdelingen,Customer 049,11,4000,1,Stavanger
1000599147,1,8190,Pølsebrød Glutenfri 210g Fria,6374011,W-11-02,asko,Customer 026,Verdalsvegen 31,7,3700,1,Stavanger
1000599236,19,2757,Reinsdyr Skav 400g First Price,3090040,W-05-03,asko,Customer 023,Lyngholen 5,"Tirdlig leverin inn A337, varene settes på lageret innenfor",7,0,1,Stavanger
1000598052,2,5671,Sjokoladekake 330g Berthas,5744081,W-01-02,asko,Customer 103,Toppen,Ryfylkevegen 1961,11,0,1,Stavanger
1000598371,1,5671,Sjokoladekake 330g Berthas,5744081,W-01-02,asko,Customer 098,"Avdeling 7, gruppe 1","Lassaveien 10, 4022 Stavanger",13,1950,1,Stavanger
1000598405,1,5671,Sjokoladekake 330g Berthas,5744081,W-01-02,asko,Customer 098,"Avdeling 7, gruppe 2","Lassaveien 10, 4022 Stavanger",13,1950,1,Stavanger
1000598912,2,5671,Sjokoladekake 330g Berthas,5744081,W-01-02,asko,Customer 013,Jonsokberget 8,11,4200,0,Stavanger
1000598926,2,5671,Sjokoladekake 330g Berthas,5744081,W-01-02,asko,Customer 098,Avdeling 1,"Lassaveien 10, 4022 Stavanger",13,1950,1,Stavanger
1000599159,1,5671,Sjokoladekake 330g Berthas,5744081,W-01-02,asko,Customer 024,1. etg: Gauselvågen 2,Gauselvågen 16,Trenger kopi av ordre på mail:monica.rosenvold@stavanger.kommune.no,4,1600,1,Stavanger
1000599432,1,5671,Sjokoladekake 330g Berthas,5744081,W-01-02,asko,Customer 019,Finnåsen 3,Bergåsveien 13,12,800,1,Stavanger
1000599739,3,5671,Sjokoladekake 330g Berthas,5744081,W-01-02,asko,Customer 012,Jonsokberget 8,11,4525,0,Stavanger
1000599762,3,5671,Sjokoladekake 330g Berthas,5744081,W-01-02,asko,Customer 092,Breidablikkveien 3A,1,400,1,Stavanger
1000599030,1,2779,Stor Sjokoladekake 950g Bakeverket,5501713,W-01-02,asko,Customer 098,Avdeling 5,"Lassaveien 10, 4022 Stavanger",13,1950,1,Stavanger
1000599788,1,2779,Stor Sjokoladekake 950g Bakeverket,5501713,W-01-02,asko,Customer 046,Hammaren 9a,3,0,1,Stavanger
1000599743,1,6878,Telemarksrøra Vaffelrøre Fin Frys 3l,2893527,asko,Logi trans,Customer 080,3,1700,1,Stavanger
